video game,video games,videogame,videogames,gaming,gamer,gamers
game engine,game development,gamedev,game dev,indie game,indie games
console,consoles,playstation,ps5,xbox,nintendo,switch,steam deck
emulator,emulators,emulation,rom,roms,retro,retrogaming
custom firmware,cfw,homebrew,jailbreak,modding,mod,mods,modder
exploit,exploits,vulnerability,vulnerabilities,hack,hacking,reverse engineering
speedrun,speedrunning,speedrunner,tas,glitch,glitches
rpg,roguelike,platformer,fps,strategy game,puzzle game
unity,unreal engine,godot,shader,shaders,rendering
steam,epic games,itch.io,gog,game store
multiplayer,netcode,matchmaking,esports
dlc,patch,update,release,remaster